{
  "summary": {
    "n_images": 100,
    "mean_coverage": 0.7302721458773783,
    "mean_fps": 0.018566081687678287,
    "per_class_iou": {
      "cracked pavement": 0.2124479286124248,
      "crosswalk": 0.0,
      "curb": 0.0,
      "dirt": 0.05346394732718249,
      "grass": 0.6838695606662154,
      "gravel": 0.13666045704853869,
      "mud": 0.0,
      "puddle": 0.0,
      "road": 0.0,
      "sidewalk": 0.009443705916391675,
      "slope": 0.0,
      "vegetation": 0.6920155164360347,
      "wet surface": 0.0
    },
    "mean_iou": 0.1375308550774452,
    "split": "val",
    "queries": [
      "sidewalk",
      "crosswalk",
      "road",
      "dirt",
      "vegetation",
      "grass",
      "gravel",
      "puddle",
      "wet surface",
      "cracked pavement",
      "curb",
      "mud",
      "slope"
    ],
    "n_queries": 13,
    "per_scene": [
      {
        "n_images": 50,
        "mean_iou": 0.16713668753227753,
        "per_class_iou": {
          "sidewalk": 0.01888741183278335,
          "crosswalk": 0.0,
          "road": 0.0,
          "dirt": 0.10692789465436497,
          "vegetation": 0.7113713679915874,
          "grass": 0.8417826504186227,
          "gravel": 0.0689117557974,
          "puddle": 0.0,
          "wet surface": 0.0,
          "cracked pavement": 0.4248958572248496,
          "curb": 0.0,
          "mud": 0.0,
          "slope": 0.0
        },
        "mean_coverage": 0.6512651162790697,
        "mean_fps": 0.017091262342373716,
        "split": "val",
        "n_queries": 13,
        "queries": [
          "sidewalk",
          "crosswalk",
          "road",
          "dirt",
          "vegetation",
          "grass",
          "gravel",
          "puddle",
          "wet surface",
          "cracked pavement",
          "curb",
          "mud",
          "slope"
        ],
        "source_file": "outputs/sam3_baseline/results.json"
      },
      {
        "n_images": 50,
        "mean_iou": 0.10792502262261287,
        "per_class_iou": {
          "sidewalk": 0.0,
          "crosswalk": 0.0,
          "road": 0.0,
          "dirt": 0.0,
          "vegetation": 0.6726596648804818,
          "grass": 0.525956470913808,
          "gravel": 0.2044091582996774,
          "puddle": 0.0,
          "wet surface": 0.0,
          "cracked pavement": 0.0,
          "curb": 0.0,
          "mud": 0.0,
          "slope": 0.0
        },
        "mean_coverage": 0.8092791754756871,
        "mean_fps": 0.020040901032982856,
        "split": "val",
        "n_queries": 13,
        "queries": [
          "sidewalk",
          "crosswalk",
          "road",
          "dirt",
          "vegetation",
          "grass",
          "gravel",
          "puddle",
          "wet surface",
          "cracked pavement",
          "curb",
          "mud",
          "slope"
        ],
        "source_file": "outputs/sam3_trail5/results.json"
      }
    ]
  },
  "per_image": [
    {
      "name": "park-1_00001",
      "inference_time_s": 56.64070058334619,
      "n_detections": 10,
      "has_gt": true
    },
    {
      "name": "park-1_00006",
      "inference_time_s": 61.845007750205696,
      "n_detections": 10,
      "has_gt": true
    },
    {
      "name": "park-1_00011",
      "inference_time_s": 52.42582204192877,
      "n_detections": 10,
      "has_gt": true
    },
    {
      "name": "park-1_00016",
      "inference_time_s": 54.91325241699815,
      "n_detections": 10,
      "has_gt": true
    },
    {
      "name": "park-1_00021",
      "inference_time_s": 53.476470874622464,
      "n_detections": 8,
      "has_gt": true
    },
    {
      "name": "park-1_00026",
      "inference_time_s": 50.42180091608316,
      "n_detections": 10,
      "has_gt": true
    },
    {
      "name": "park-1_00031",
      "inference_time_s": 51.918217916972935,
      "n_detections": 10,
      "has_gt": true
    },
    {
      "name": "park-1_00036",
      "inference_time_s": 51.10279383417219,
      "n_detections": 9,
      "has_gt": true
    },
    {
      "name": "park-1_00041",
      "inference_time_s": 52.00486308336258,
      "n_detections": 10,
      "has_gt": true
    },
    {
      "name": "park-1_00046",
      "inference_time_s": 51.43501808401197,
      "n_detections": 8,
      "has_gt": true
    },
    {
      "name": "park-1_00051",
      "inference_time_s": 49.89328945800662,
      "n_detections": 7,
      "has_gt": true
    },
    {
      "name": "park-1_00056",
      "inference_time_s": 51.60099733341485,
      "n_detections": 6,
      "has_gt": true
    },
    {
      "name": "park-1_00061",
      "inference_time_s": 50.105068874545395,
      "n_detections": 7,
      "has_gt": true
    },
    {
      "name": "park-1_00066",
      "inference_time_s": 51.22925337497145,
      "n_detections": 7,
      "has_gt": true
    },
    {
      "name": "park-1_00071",
      "inference_time_s": 49.47630162443966,
      "n_detections": 6,
      "has_gt": true
    },
    {
      "name": "park-1_00076",
      "inference_time_s": 50.189602207392454,
      "n_detections": 8,
      "has_gt": true
    },
    {
      "name": "park-1_00081",
      "inference_time_s": 49.49162187427282,
      "n_detections": 8,
      "has_gt": true
    },
    {
      "name": "park-1_00086",
      "inference_time_s": 48.6791606657207,
      "n_detections": 9,
      "has_gt": true
    },
    {
      "name": "park-1_00091",
      "inference_time_s": 48.27736345957965,
      "n_detections": 11,
      "has_gt": true
    },
    {
      "name": "park-1_00096",
      "inference_time_s": 48.745087708346546,
      "n_detections": 10,
      "has_gt": true
    },
    {
      "name": "park-1_00101",
      "inference_time_s": 49.82649358455092,
      "n_detections": 9,
      "has_gt": true
    },
    {
      "name": "park-1_00106",
      "inference_time_s": 59.79763187468052,
      "n_detections": 9,
      "has_gt": true
    },
    {
      "name": "park-1_00111",
      "inference_time_s": 51.545373166911304,
      "n_detections": 7,
      "has_gt": true
    },
    {
      "name": "park-1_00116",
      "inference_time_s": 50.97486454248428,
      "n_detections": 7,
      "has_gt": true
    },
    {
      "name": "park-1_00121",
      "inference_time_s": 53.17818808276206,
      "n_detections": 5,
      "has_gt": true
    },
    {
      "name": "park-1_00126",
      "inference_time_s": 51.587922375649214,
      "n_detections": 5,
      "has_gt": true
    },
    {
      "name": "park-1_00131",
      "inference_time_s": 51.27204412501305,
      "n_detections": 6,
      "has_gt": true
    },
    {
      "name": "park-1_00136",
      "inference_time_s": 51.81155883334577,
      "n_detections": 8,
      "has_gt": true
    },
    {
      "name": "park-1_00141",
      "inference_time_s": 53.24060479179025,
      "n_detections": 9,
      "has_gt": true
    },
    {
      "name": "park-1_00146",
      "inference_time_s": 52.00626662466675,
      "n_detections": 7,
      "has_gt": true
    },
    {
      "name": "park-1_00151",
      "inference_time_s": 54.78832183312625,
      "n_detections": 8,
      "has_gt": true
    },
    {
      "name": "park-1_00156",
      "inference_time_s": 55.877045958302915,
      "n_detections": 7,
      "has_gt": true
    },
    {
      "name": "park-1_00161",
      "inference_time_s": 53.49505633395165,
      "n_detections": 5,
      "has_gt": true
    },
    {
      "name": "park-1_00166",
      "inference_time_s": 52.63568262569606,
      "n_detections": 6,
      "has_gt": true
    },
    {
      "name": "park-1_00171",
      "inference_time_s": 62.33548566605896,
      "n_detections": 5,
      "has_gt": true
    },
    {
      "name": "park-1_00176",
      "inference_time_s": 63.925423917360604,
      "n_detections": 6,
      "has_gt": true
    },
    {
      "name": "park-1_00181",
      "inference_time_s": 60.16075041517615,
      "n_detections": 6,
      "has_gt": true
    },
    {
      "name": "park-1_00186",
      "inference_time_s": 52.72589295823127,