{
  "alpha": 0.15,
  "tau": 0.15000000000000002,
  "nonconformity_scores": [
    0.9666666666666667,
    0.010000000000000009,
    0.050000000000000044,
    0.15000000000000002,
    0.15000000000000002,
    0.09999999999999998,
    0.050000000000000044,
    0.010000000000000009,
    0.09999999999999998,
    0.050000000000000044,
    0.010000000000000009,
    0.15000000000000002,
    0.010000000000000009,
    0.010000000000000009,
    0.09999999999999998,
    0.09999999999999998,
    0.010000000000000009,
    0.09999999999999998,
    0.9666666666666667,
    0.15000000000000002,
    0.09999999999999998,
    0.050000000000000044,
    0.050000000000000044,
    0.050000000000000044,
    0.09999999999999998,
    0.09999999999999998,
    0.050000000000000044,
    0.09999999999999998,
    0.15000000000000002,
    0.15000000000000002,
    0.15000000000000002,
    0.09999999999999998,
    0.09999999999999998,
    0.050000000000000044,
    0.15000000000000002,
    0.010000000000000009,
    0.050000000000000044,
    0.010000000000000009,
    0.010000000000000009
  ]
}